更新日時,更新理由,商品基本コード,商品コード,商品名,属性1名,属性2名,属性1コード,属性2コード,倉庫名,実在庫区分,変動前,変動後,増減値,ユーザー
2025/01/17 00:09:05,受注取込,7987642,7987642X11Y15,【送料無料】ミニ財布 メンズ 本革 レディース 二つ折り 財布 カードケース LTG カード入れ 多い NEK ★REV 7987642 折りたたみ コンパクト 小さい財布 小銭入れ コインスルー お札が折れない スキミング防止 ファスナー コインケース ミニマリスト ラウンドジッパー,ONESIZE,オリーブ,X11,Y15,,0,42,41,-1,
2025/01/17 00:10:49,受注取込,7990630,7990630X11Y11,【通気性抜群】メッシュキャップ 帽子 キャップ メンズ レディース ゴルフキャップ 熱中対策 プレゼント ギフト,ONESIZE,ブラック,X11,Y11,,0,38,37,-1,
2025/01/17 00:12:35,受注取込,7987657,7987657X11Y11,【アシスト機能付き】コロコロ 腹筋ローラー 腹筋 筋トレ アブローラー 家トレ 器具 ヨガマット ★REV 7987657 トレーニング ABS roller 自重トレ 初心者 中級者 上級者 エクササイズ シックスパック 送料無料,ワンサイズ,グレー×ブラック ,X11,Y11,,0,9,8,-1,
2025/01/17 00:18:31,受注取込,7987400,7987400X11Y11,【とにかくデカい！】大きいサイズ キャップ 大きめ ビッグサイズ ★REV 7987400 BIG SIZE メンズキャップ帽子 大きい帽子 メンズ帽子 レディース 春 夏 春夏 プレゼント ギフト 母の日 父の日 送料無料,ONESIZE,A-ブラック,X11,Y11,,0,130,129,-1,
2025/01/17 00:21:07,受注取込,7988071,7988071X16Y19,【内ボア防寒性◎】 シャツジャケット ボアジャケット ネルシャツ メンズ レディース ★REV 7988071 シャツ カジュアルシャツ 長袖 ボア ジャケット 長袖シャツ 秋冬 チェック柄 チェック 起毛 アメカジ 裏ボア ジャケットメンズ Vintage 厚手 着る毛布 暖かい 防寒 送料無料,XXL,I_ネイビー×ブルー,X16,Y19,,0,14,13,-1,
2025/01/17 00:21:07,受注取込,7988071,7988071X16Y13,【内ボア防寒性◎】 シャツジャケット ボアジャケット ネルシャツ メンズ レディース ★REV 7988071 シャツ カジュアルシャツ 長袖 ボア ジャケット 長袖シャツ 秋冬 チェック柄 チェック 起毛 アメカジ 裏ボア ジャケットメンズ Vintage 厚手 着る毛布 暖かい 防寒 送料無料,XXL,C_ネイビー×ベージュ,X16,Y13,,0,16,15,-1,
2025/01/17 00:30:00,受注取込,7987005,7987005X11Y17,"【1,333円 全26種類】メッシュキャップ メンズ レディース 帽子 キャップ 深め ★REV 7987005 アメカジ おしゃれ 刺繍 アップリケ アクセサリー プレゼント ギフト 送料無料",ONESIZE,G,X11,Y17,,0,15,14,-1,
2025/01/17 00:50:31,受注取込,7987642,7987642X11Y15,【送料無料】ミニ財布 メンズ 本革 レディース 二つ折り 財布 カードケース LTG カード入れ 多い NEK ★REV 7987642 折りたたみ コンパクト 小さい財布 小銭入れ コインスルー お札が折れない スキミング防止 ファスナー コインケース ミニマリスト ラウンドジッパー,ONESIZE,オリーブ,X11,Y15,,0,41,40,-1,
2025/01/17 01:00:49,受注取込,7990381,7990381X11Y14,【15柄展開】マスク 洗えるマスク カラーマスク レース メンズ レディース ペイズリー カモフラ 花柄 レオパード柄 新作 15柄展開 ★REV NEK 7990381 プレゼント ギフト,ONESIZE,D,X11,Y14,,0,180,178,-2,
2025/01/17 01:00:49,受注取込,7987667,7987667X11Y12,【もこもこ秋冬】13種類 ハット レディース メンズ バケットハット ★REV NEK 7987667 ボア ムートン ファー もこもこ 秋冬 ヒョウ柄 カモ チェック 無地 おしゃれ プレゼント ギフト クリスマス 送料無料,ONESIZE,B,X11,Y12,,0,7,6,-1,
2025/01/17 01:00:49,受注取込,7987667,7987667X11Y15,【もこもこ秋冬】13種類 ハット レディース メンズ バケットハット ★REV NEK 7987667 ボア ムートン ファー もこもこ 秋冬 ヒョウ柄 カモ チェック 無地 おしゃれ プレゼント ギフト クリスマス 送料無料,ONESIZE,E,X11,Y15,,0,1,0,-1,
2025/01/17 01:00:49,受注取込,7987667,7987667X11Y20,【もこもこ秋冬】13種類 ハット レディース メンズ バケットハット ★REV NEK 7987667 ボア ムートン ファー もこもこ 秋冬 ヒョウ柄 カモ チェック 無地 おしゃれ プレゼント ギフト クリスマス 送料無料,ONESIZE,J,X11,Y20,,0,3,2,-1,
2025/01/17 01:04:35,受注取込,jw775,jw775X22Y1,安全靴 メンズ レディース JW_775 大きいサイズ【OTA】【1212sh】 【Y_KO】【shsai】【170701s】 プレゼント ギフト,30.0cm,ブラック,X22,Y1,,0,13,11,-2,
2025/01/17 01:08:30,受注取込,7987145,7987145X11Y11,電動爪切り 爪切り コードレス 研磨機 電動ツメ削り 爪ヤスリ ★REV 7987145 つめ切り後 なめらかに Type-c 充電式 タングステン鋼 自動爪切り ネイルケア 安心 日用品 美容 健康 大人 子供 介護用品 送料無料,ONESIZE,ホワイト,X11,Y11,,0,11,10,-1,
2025/01/17 01:18:30,受注取込,7987400,7987400X11Y11,【とにかくデカい！】大きいサイズ キャップ 大きめ ビッグサイズ ★REV 7987400 BIG SIZE メンズキャップ帽子 大きい帽子 メンズ帽子 レディース 春 夏 春夏 プレゼント ギフト 母の日 父の日 送料無料,ONESIZE,A-ブラック,X11,Y11,,0,129,128,-1,
2025/01/17 01:44:01,受注取込,7987330,7987330X11Y12,【大容量おしゃれ】リュックサック リュック バックパック ★REV 7987330 デイバッグ バッグ メンズ レディース おしゃれ 大容量 通学 通勤 小旅行 ブラック 黒 撥水 送料無料,ONESIZE,ブラック(きょうりゅう),X11,Y12,,0,27,26,-1,
2025/01/17 01:56:40,受注取込,7987145,7987145X11Y11,電動爪切り 爪切り コードレス 研磨機 電動ツメ削り 爪ヤスリ ★REV 7987145 つめ切り後 なめらかに Type-c 充電式 タングステン鋼 自動爪切り ネイルケア 安心 日用品 美容 健康 大人 子供 介護用品 送料無料,ONESIZE,ホワイト,X11,Y11,,0,10,9,-1,
2025/01/17 03:03:30,受注取込,7987354,7987354X11Y15,USAブランド 靴下 ソックス NEK ★REV 7987354 メンズ レディース FRUIT OF THE LOOM フルーツオブザルーム プレゼント ギフト 送料無料,メンズ,クルー 刺繍【長】,X11,Y15,,0,14,13,-1,
2025/01/17 03:54:00,受注取込,7988459,7988459X11Y20,【速攻配達】ドッグウェア 犬 服 犬服 暖かい 冬 冬服 男の子 女の子 アディドッグ adidog DOG FACE ★REVG NEK 7988459 7988345 ペット服 小型犬 つなぎ パーカー お散歩 かっこいい かわいい サロペット ロンパース オーバーオール 裏起毛,XS,DOGFACE_グレー,X11,Y20,,0,29,28,-1,
2025/01/17 03:54:00,受注取込,7988459,7988459X11Y26,【速攻配達】ドッグウェア 犬 服 犬服 暖かい 冬 冬服 男の子 女の子 アディドッグ adidog DOG FACE ★REVG NEK 7988459 7988345 ペット服 小型犬 つなぎ パーカー お散歩 かっこいい かわいい サロペット ロンパース オーバーオール 裏起毛,XS,CEFINE_ベージュ,X11,Y26,,0,16,15,-1,
2025/01/17 03:54:00,受注取込,7988459,7988459X11Y18,【速攻配達】ドッグウェア 犬 服 犬服 暖かい 冬 冬服 男の子 女の子 アディドッグ adidog DOG FACE ★REVG NEK 7988459 7988345 ペット服 小型犬 つなぎ パーカー お散歩 かっこいい かわいい サロペット ロンパース オーバーオール 裏起毛,XS,DOGFACE_ブラック,X11,Y18,,0,46,45,-1,
2025/01/17 04:41:30,受注取込,7992723,7992723X13Y11,お得！ 送料無料 4枚入り 福袋 Dickies ディッキーズ ボクサーパンツ メンズ かわいい NEK ★REV <br> パンツ ボクサーパンツ セット メンズ下着 メンズボクサーパンツ メンズボクサー 大きいサイズ 大きめ 特大 3L 下着 インナー メンズ usa まとめ買い プレゼント ギフト,LL,福袋4枚セット,X13,Y11,,0,60,59,-1,
2025/01/17 05:25:05,受注取込,7986979,7986979X12Y27,【大きいサイズ/普通サイズ】ニット帽 ニットキャップ メンズ レディース フリース内蔵 帽子 NEK ★REV 7986979 大きいサイズ 普通サイズ つば付き ビーニー ワッチキャップ ハンチング ケーブル編み プレゼント ギフト 送料無料,大きいサイズ,Q,X12,Y27,,0,18,17,-1,
2025/01/17 05:44:05,受注取込,7988459,7988459X13Y20,【速攻配達】ドッグウェア 犬 服 犬服 暖かい 冬 冬服 男の子 女の子 アディドッグ adidog DOG FACE ★REVG NEK 7988459 7988345 ペット服 小型犬 つなぎ パーカー お散歩 かっこいい かわいい サロペット ロンパース オーバーオール 裏起毛,M,DOGFACE_グレー,X13,Y20,,0,32,31,-1,
2025/01/17 05:44:05,受注取込,7988459,7988459X13Y28,【速攻配達】ドッグウェア 犬 服 犬服 暖かい 冬 冬服 男の子 女の子 アディドッグ adidog DOG FACE ★REVG NEK 7988459 7988345 ペット服 小型犬 つなぎ パーカー お散歩 かっこいい かわいい サロペット ロンパース オーバーオール 裏起毛,M,PLADG_ベージュ,X13,Y28,,0,86,85,-1,
2025/01/17 05:44:05,受注取込,7988459,7988459X13Y21,【速攻配達】ドッグウェア 犬 服 犬服 暖かい 冬 冬服 男の子 女の子 アディドッグ adidog DOG FACE ★REVG NEK 7988459 7988345 ペット服 小型犬 つなぎ パーカー お散歩 かっこいい かわいい サロペット ロンパース オーバーオール 裏起毛,M,DOGFACE_ピンク,X13,Y21,,0,14,13,-1,
2025/01/17 05:44:05,受注取込,7988058,7988058X11Y12,【犬マンパー登場】THE DOG FACE ドッグウェア 犬 服 パーカー 防寒 ジャケット NEK ★REVG 7988058 暖かい 冬 冬服 マンパー アウター フリース ドッグフェイス 男の子 女の子 プレゼント ギフト インスタ映え 送料無料,M,レッド,X11,Y12,,0,14,13,-1,
2025/01/17 06:13:42,受注取込,7987560,7987560X11Y11,【機能的】長財布 財布 メンズ レディース ウォレット スマホケース クラッチバッグ NEK ★REV 7987560 プレゼント ギフト 母の日 父の日 プチギフト 誕プレ 送料無料,ワンサイズ,ブラック,X11,Y11,,0,13,12,-1,
2025/01/17 06:16:38,受注取込,7987642,7987642X11Y15,【送料無料】ミニ財布 メンズ 本革 レディース 二つ折り 財布 カードケース LTG カード入れ 多い NEK ★REV 7987642 折りたたみ コンパクト 小さい財布 小銭入れ コインスルー お札が折れない スキミング防止 ファスナー コインケース ミニマリスト ラウンドジッパー,ONESIZE,オリーブ,X11,Y15,,0,40,39,-1,
2025/01/17 07:01:05,受注取込,7988059,7988059X14Y11,【なんと羽毛リアルダウン仕様】THE DOG FACE ダウンベスト ドッグウェア 犬 服 暖かい 冬 冬服 NEK ★REVG 7988059 ダウンジャケット アウター ドッグフェイス 男の子 女の子 プレゼント ギフト インスタ映え 送料無料,XL,ブラック,X14,Y11,,0,27,26,-1,
2025/01/17 07:03:01,受注取込,7987810,7987810X11Y12,数字油絵 DIY 大人の塗り絵 子供の塗り絵 夏休みの宿題 インテリア 絵画 NEK ★REV 7987810 数字塗り絵 数字 油絵 セット 可愛い 塗り絵 大人 ぬり絵 ぬりえ 大人のぬりえ パズル塗り絵 パズルぬりえ インテリア おしゃれ アートパネル 暇つぶし プレゼント ギフト 送料無料,ONESIZE,B,X11,Y12,,0,6,5,-1,
2025/01/17 07:08:51,受注取込,7987793,7987793X17Y14,【最新モデル】安全靴 PUMA プーマ Heritage メンズ レディース スニーカー ★REV Y_YU 7987793 シューズ 23.0~30.0cm セーフティーシューズ ブランド,26.0cm,グレーロー(64.218),X17,Y14,,0,19,18,-1,
2025/01/17 07:15:30,受注取込,7995525,7995525X1Y16,AVIREX 限定モデル キャップ 帽子 父の日 贈り物 プレゼント メンズ ★REV ブラックシリーズ 黒 アビレックス アヴィレックス メッシュキャップ ハンチング ローキャップ バケット ハット ワークキャップ レディース かっこいい yos プレゼント ギフト,ONESIZE,【P】ボアキャップ_17614600_80,X1,Y16,,0,30,29,-1,
2025/01/17 07:16:50,受注取込,7988121,7988121X11Y16,【INDIAN刺繍】INDIAN キャップ ローキャップ 帽子 メンズ レディース 野球帽 ★REV 7988121 インディアン キャンプ アウトドア アメカジ 送料無料,ONESIZE,ブラック/ブラック ,X11,Y16,,0,23,22,-1,
2025/01/17 07:32:35,受注取込,7988058,7988058X12Y11,【犬マンパー登場】THE DOG FACE ドッグウェア 犬 服 パーカー 防寒 ジャケット NEK ★REVG 7988058 暖かい 冬 冬服 マンパー アウター フリース ドッグフェイス 男の子 女の子 プレゼント ギフト インスタ映え 送料無料,L,ブラック,X12,Y11,,0,14,13,-1,
2025/01/17 08:02:06,受注取込,7988459,7988459X15Y19,【速攻配達】ドッグウェア 犬 服 犬服 暖かい 冬 冬服 男の子 女の子 アディドッグ adidog DOG FACE ★REVG NEK 7988459 7988345 ペット服 小型犬 つなぎ パーカー お散歩 かっこいい かわいい サロペット ロンパース オーバーオール 裏起毛,XL,DOGFACE_レッド,X15,Y19,,0,22,21,-1,
2025/01/17 08:15:31,受注取込,7987187,7987187X11Y15,【イルマ アイ対応！】アイコス イルマ アイ ILUMA i ケース 保護ケース イルマ NEK ★REV 7987187 イルマカバー 耐衝撃 おしゃれ iluma 専用 イルマ 保護ケース レザー 迷彩 ヒョウ柄 ペイズリー 保護カバー アクセサリー アイコスケース 送料無料,イルマスタンダード,E,X11,Y15,,0,10,9,-1,
2025/01/17 08:18:30,受注取込,7987213,7987213X11Y24,【イルマワン アイ対応】アイコス イルマワン ILUMA i ケース 保護ケース iqosイルマワン イルマワンカバー NEK ★REV 7987213 耐衝撃 おしゃれ iqos iluma one 専用 IQOSイルマワン保護ケース レザー ヒョウ柄 ペイズリー 保護カバー アクセサリー アイコスケース 送料無料,イルマワン,N,X11,Y24,,0,7,6,-1,
2025/01/17 08:26:06,受注取込,7987618,7987618X11Y13,【裏ボア】ニット帽 マフラー ネックウォーマ スヌード 耳あて イヤーマフ 防寒 メンズ レディース NEK ★REV 7987618 キッズ ニットキャップ つば付き 帽子 ニット 秋冬 クリスマス プレゼント ギフト 母の日 父の日 送料無料,大人用,グレー,X11,Y13,,0,2,1,-1,
2025/01/17 08:27:36,受注取込,7988059,7988059X14Y12,【なんと羽毛リアルダウン仕様】THE DOG FACE ダウンベスト ドッグウェア 犬 服 暖かい 冬 冬服 NEK ★REVG 7988059 ダウンジャケット アウター ドッグフェイス 男の子 女の子 プレゼント ギフト インスタ映え 送料無料,XL,ブラック/レッド,X14,Y12,,0,12,11,-1,
2025/01/17 08:32:10,受注取込,7988386,7988386X11Y11,【高輝度・省電力】LED 卓上 ライト 間接照明 おしゃれ テーブルランプ 北欧 ベッドライト ★REV 7988386 照明 ランプ 一人暮らし ナイトランプ ムードランプ インテリア 雑貨 スタンドライト フロアライト ベッドサイド ルームライト 寝室 usb 電気スタンド フロアランプ,ONESIZE,アイボリー,X11,Y11,,0,136,135,-1,
2025/01/17 08:32:10,受注取込,7986963,7986963X13Y12,【おしゃれ】ドッグウェア adidog 犬 服 暖かい 冬 冬服 中綿 ダウンベスト ダウンジャケット NEK ★REVG 7986963 アウター ドッグフェイス 男の子 女の子,L,ベージュブラウン,X13,Y12,,0,15,14,-1,
2025/01/17 08:37:31,受注取込,7992723,7992723X14Y11,お得！ 送料無料 4枚入り 福袋 Dickies ディッキーズ ボクサーパンツ メンズ かわいい NEK ★REV <br> パンツ ボクサーパンツ セット メンズ下着 メンズボクサーパンツ メンズボクサー 大きいサイズ 大きめ 特大 3L 下着 インナー メンズ usa まとめ買い プレゼント ギフト,3L,福袋4枚セット,X14,Y11,,0,25,24,-1,
2025/01/17 09:01:07,受注取込,7988359,7988359X11Y11,キーケース メンズ レディース 本革 レザー スマートキー キーホルダー 鍵 キーチェーン 小銭入れ プレゼント ミニギフト 父の日 母の日 ★REV 7988359,ONESIZE,キャメル,X11,Y11,,0,15,14,-1,
2025/01/17 09:01:07,受注取込,7988039,7988039X15Y17,【最安値に挑戦】犬 服 暖かい 犬の服 ドッグウエア ボア ダウン ジャケット コート ドッグウエア NEK ★REVG 7988039 小型犬 中型犬 秋 秋服 冬 冬用 冬服 秋冬 おしゃれ かわいい 可愛い 着せやすい 女の子 男の子 オス メス 背開き アウター ベスト ハーネス 送料無料,2XL,カモ,X15,Y17,,0,16,15,-1,
2025/01/17 09:38:02,受注取込,7987626,7987626X11Y11,【お得な5個セット】LEDライト キーホルダー 小型LEDライト NEK ★REV 7987626 キーライト 高輝度 5灯 LR44 ボタン電池 LTG 送料無料,ONESIZE,5本セット,X11,Y11,,0,524,523,-1,
2025/01/17 09:40:34,受注取込,7988032,7988032X12Y11,【サイズが合えばお買い得】安全靴 メンズ エアウォーク AIR WALK AW860 セーフティーシューズ ミッドカット スニーカー 靴 ブランド 幅広 EEE 送料無料,25.5cm,ネイビー,X12,Y11,,0,66,65,-1,
2025/01/17 09:40:36,受注取込,7987213,7987213X11Y21,【イルマワン アイ対応】アイコス イルマワン ILUMA i ケース 保護ケース iqosイルマワン イルマワンカバー NEK ★REV 7987213 耐衝撃 おしゃれ iqos iluma one 専用 IQOSイルマワン保護ケース レザー ヒョウ柄 ペイズリー 保護カバー アクセサリー アイコスケース 送料無料,イルマワン,K,X11,Y21,,0,9,8,-1,
2025/01/17 09:43:01,受注取込,7988060,7988060X11Y12,AVIREX アビレックス キャップ ニット帽 帽子 大きい 大きめ 大きいサイズ ★REV 14986700 ニット素材 メンズ レディース アヴィレックス ブランド プレゼント ギフト ミリタリー アメカジ ストリート アウトドア 送料無料,ONESIZE,グレー(85),X11,Y12,,0,9,8,-1,
2025/01/17 09:46:01,受注取込,7991993,7991993X11Y11,大きめ ボディバッグ メンズ ボディーバッグ ワンショルダー 鞄 かばん 超多機能 Military バッグ 送料無料 ALI 7991993 190817 プレゼント ギフト,ONESIZE,ブラック,X11,Y11,,0,27,26,-1,
2025/01/17 09:57:06,受注取込,7986993,7986993X11Y11,イヤホン ワイヤレス スポーツ Bluetooth5.0 ワイヤレスイヤホン NEK ★REV 7986993  マイク 左右兼用 片耳 高音質 イヤホン スポーツ iPhone android スマホ対応 ブルートゥース 高音質 ランニング 運動,ONESIZE,ブラック,X11,Y11,,0,3,2,-1,
2025/01/17 10:08:35,受注取込,7987400,7987400X11Y11,【とにかくデカい！】大きいサイズ キャップ 大きめ ビッグサイズ ★REV 7987400 BIG SIZE メンズキャップ帽子 大きい帽子 メンズ帽子 レディース 春 夏 春夏 プレゼント ギフト 母の日 父の日 送料無料,ONESIZE,A-ブラック,X11,Y11,,0,128,127,-1,
2025/01/17 10:12:32,受注取込,7988459,7988459X11Y11,【速攻配達】ドッグウェア 犬 服 犬服 暖かい 冬 冬服 男の子 女の子 アディドッグ adidog DOG FACE ★REVG NEK 7988459 7988345 ペット服 小型犬 つなぎ パーカー お散歩 かっこいい かわいい サロペット ロンパース オーバーオール 裏起毛,XS,adidog_ブラック,X11,Y11,,0,28,27,-1,
2025/01/17 10:12:32,受注取込,7988459,7988459X11Y20,【速攻配達】ドッグウェア 犬 服 犬服 暖かい 冬 冬服 男の子 女の子 アディドッグ adidog DOG FACE ★REVG NEK 7988459 7988345 ペット服 小型犬 つなぎ パーカー お散歩 かっこいい かわいい サロペット ロンパース オーバーオール 裏起毛,XS,DOGFACE_グレー,X11,Y20,,0,28,27,-1,
2025/01/17 10:15:37,WEB画面,7990974,7990974X11Y11,【驚異的な防寒性】スパッツ タイツ メンズ レディース NEK ★REV 7990974 Warm Pro 総裏ボア パッチ 肌着 パンツ プレゼント ギフト,ONESIZE,ブラック,X11,Y11,,0,10,8,-2,星島
2025/01/17 10:22:32,受注取込,7992723,7992723X14Y11,お得！ 送料無料 4枚入り 福袋 Dickies ディッキーズ ボクサーパンツ メンズ かわいい NEK ★REV <br> パンツ ボクサーパンツ セット メンズ下着 メンズボクサーパンツ メンズボクサー 大きいサイズ 大きめ 特大 3L 下着 インナー メンズ usa まとめ買い プレゼント ギフト,3L,福袋4枚セット,X14,Y11,,0,24,23,-1,
2025/01/17 10:22:33,受注取込,7990744,7990744X14Y14,在庫あり マスク カラーマスク 大きいサイズあり 洗える 手洗い 繰り返し使える NEK 7990744 ブラック 大人用 マスク 黒マスク ブラックマスク 花粉 pm2.5 クロ B系 ストリート ファッション コスプレ ストレッチ 12色展開 ALI  プレゼント ギフト,特大サイズ(XL),グレー,X14,Y14,,0,149,146,-3,
2025/01/17 10:25:30,受注取込,7987621,7987621X11Y18,【裏ボア】ニット帽　耳あて イヤーマフ 防寒 メンズ レディース ニットキャップ つば付き 帽子 ニット NEK ★REV 7987621 秋冬 クリスマス プレゼント ギフト 母の日 父の日 送料無料,ONESIZE,H_ブラック,X11,Y18,,0,65,64,-1,
2025/01/17 10:37:53,WEB画面,7987469,7987469X11Y11,【3個セット】指輪 メンズ レディース リング アクセサリー NEK ★REV 7987469 ファランジリング フリーサイズ ピンキー ブラックマット 半端リング コーティング 3点セット お得 3連 シンプル 送料無料,3点セット,ブラック,X11,Y11,,0,0,50,50,庄司 泰久
2025/01/17 10:38:39,WEB画面,7988097,7988097X11Y12,【ムートン中敷き付】 防寒ブーツ スノーブーツ ウインターブーツ ブーツ 7988097 冬 ムートンブーツ メンズ ムートン メンズブーツ 防寒靴 メンズ冬靴 サイドジップ 靴 シューズ 防滑 撥水 アウトドア キャンプ スノボ 登山 プレゼント ギフト 送料無料,25.0cm,ネイビー,X11,Y12,,0,58,59,1,大場
2025/01/17 10:39:10,WEB画面,7987616,7987616X11Y12,【バッグを汚さない！お得な2個入】バッグフック バッグハンガー デスク 便利 NEK ★REV 7987616 おしゃれ グッズ アイデア フック 机 テーブル グック ハンガー 防犯 メンズ レディース 荷物かけ カバン掛け プチギフト プレゼント LTG 送料無料,ONESIZE,ブラック/グレー,X11,Y12,,0,63,64,1,大場
2025/01/17 10:39:38,WEB画面,7987817,7987817X11Y12,【MOOD】2WAY トートバッグ バッグ メンズ レディース かばん 鞄 ★REV 7987817 エコバッグ キャンバス プレゼント ギフト 母の日 父の日 送料無料,ONESIZE,ブラウン,X11,Y12,,0,3,4,1,大場
2025/01/17 10:42:35,受注取込,7988459,7988459X13Y26,【速攻配達】ドッグウェア 犬 服 犬服 暖かい 冬 冬服 男の子 女の子 アディドッグ adidog DOG FACE ★REVG NEK 7988459 7988345 ペット服 小型犬 つなぎ パーカー お散歩 かっこいい かわいい サロペット ロンパース オーバーオール 裏起毛,M,CEFINE_ベージュ,X13,Y26,,0,51,50,-1,
2025/01/17 10:44:05,受注取込,7987065,7987065X11Y11,【衝撃に強い】安全靴 スニーカー エアウォーク ミッドカット ハイカット ミドルカット AIR WALK AW-970 AW-980 Y_YU ★REV 7987065 メンズ おしゃれ 耐滑底 樹脂先芯 超軽量 マジックテープ セーフティシューズ 作業靴,25.0cm,AW-970_BLACK,X11,Y11,,0,44,43,-1,
2025/01/17 10:45:04,WEB画面,7992723,7992723X13Y11,お得！ 送料無料 4枚入り 福袋 Dickies ディッキーズ ボクサーパンツ メンズ かわいい NEK ★REV <br> パンツ ボクサーパンツ セット メンズ下着 メンズボクサーパンツ メンズボクサー 大きいサイズ 大きめ 特大 3L 下着 インナー メンズ usa まとめ買い プレゼント ギフト,LL,福袋4枚セット,X13,Y11,,0,59,159,100,植野
2025/01/17 10:51:01,受注取込,7987279,7987279X11Y12,【〜130cm】大きいサイズ対応 ビジネスベルト メンズ 本革 レザー ベルト メンズ シンプル 本皮 サイズ調整可能 ★REV 7987279 プレゼント ギフト 父の日 送料無料,ONESIZE,ダークブラウン,X11,Y12,,0,6,5,-1,
2025/01/17 10:51:30,受注取込,7988050,7988050X14Y13,ドッグウェア 犬服 虎 寅 うさぎ 恐竜 きょうりゅう アニマル サファリ ペット服 NEK ★REVG 7988050小型犬 つなぎ パーカー お散歩 かっこいい かわいい サロペット ロンパース オーバーオール 裏起毛 コスプレ 年賀状 撮影 送料無料,L,きょうりゅう,X14,Y13,,0,17,16,-1,
2025/01/17 11:00:01,受注取込,7992723,7992723X13Y11,お得！ 送料無料 4枚入り 福袋 Dickies ディッキーズ ボクサーパンツ メンズ かわいい NEK ★REV <br> パンツ ボクサーパンツ セット メンズ下着 メンズボクサーパンツ メンズボクサー 大きいサイズ 大きめ 特大 3L 下着 インナー メンズ usa まとめ買い プレゼント ギフト,LL,福袋4枚セット,X13,Y11,,0,159,158,-1,
2025/01/17 11:00:11,受注取込,7988459,7988459X13Y28,【速攻配達】ドッグウェア 犬 服 犬服 暖かい 冬 冬服 男の子 女の子 アディドッグ adidog DOG FACE ★REVG NEK 7988459 7988345 ペット服 小型犬 つなぎ パーカー お散歩 かっこいい かわいい サロペット ロンパース オーバーオール 裏起毛,M,PLADG_ベージュ,X13,Y28,,0,85,84,-1,
2025/01/17 11:00:11,受注取込,7988459,7988459X13Y27,【速攻配達】ドッグウェア 犬 服 犬服 暖かい 冬 冬服 男の子 女の子 アディドッグ adidog DOG FACE ★REVG NEK 7988459 7988345 ペット服 小型犬 つなぎ パーカー お散歩 かっこいい かわいい サロペット ロンパース オーバーオール 裏起毛,M,PLADG_ブラック,X13,Y27,,0,74,73,-1,
2025/01/17 11:00:11,受注取込,7988051,7988051X13Y11,【超可愛い♪】ドッグウェア パーカー 犬服 暖かい 冬 冬服 男の子 女の子 ペット服 NEK ★REVG 7988051 小型犬 お散歩 かっこいい かわいい 裏起毛 野菜 やさい だいこん にんじん ベジタブル りんご バナナ かえる 韓国 インスタ映え,M,だいこん,X13,Y11,,0,3,2,-1,
2025/01/17 11:04:35,受注取込,7988071,7988071X15Y15,【内ボア防寒性◎】 シャツジャケット ボアジャケット ネルシャツ メンズ レディース ★REV 7988071 シャツ カジュアルシャツ 長袖 ボア ジャケット 長袖シャツ 秋冬 チェック柄 チェック 起毛 アメカジ 裏ボア ジャケットメンズ Vintage 厚手 着る毛布 暖かい 防寒 送料無料,XL,E_ネイビー,X15,Y15,,0,16,15,-1,
2025/01/17 11:04:35,受注取込,7988071,7988071X15Y26,【内ボア防寒性◎】 シャツジャケット ボアジャケット ネルシャツ メンズ レディース ★REV 7988071 シャツ カジュアルシャツ 長袖 ボア ジャケット 長袖シャツ 秋冬 チェック柄 チェック 起毛 アメカジ 裏ボア ジャケットメンズ Vintage 厚手 着る毛布 暖かい 防寒 送料無料,XL,P_ネイビー×ホワイト,X15,Y26,,0,14,13,-1,
2025/01/17 11:20:22,受注取込,7987942,7987942X11Y12,【どこでもデスク】ベッドテーブル テーブル 折りたたみテーブル 小さい 一人用 おしゃれ ★REV 7987942 サイドテーブル ミニテーブル コンパクト 多機能 ノートパソコン デスク センターテーブル ローテーブル 送料無料,ONESIZE,ホワイト(木目),X11,Y12,,0,37,36,-1,
2025/01/17 11:20:41,受注取込,7988459,7988459X13Y23,【速攻配達】ドッグウェア 犬 服 犬服 暖かい 冬 冬服 男の子 女の子 アディドッグ adidog DOG FACE ★REVG NEK 7988459 7988345 ペット服 小型犬 つなぎ パーカー お散歩 かっこいい かわいい サロペット ロンパース オーバーオール 裏起毛,M,POTI_SMITH_ブラック,X13,Y23,,0,1,0,-1,
2025/01/17 11:24:19,WEB画面,7990479,7990479X11Y11,【5個セット 速攻配達】マスク ブラケット フレーム 呼吸が楽々 化粧崩れ防止 暑さ対策 冷感 マスク 蒸れ防止 熱軽減 夏用 洗える カラーマスク用 織布マスク用 布マスク用 在庫有り マスクブラケットフレーム 7990479,ONESIZE,半透明,X11,Y11,,0,5477,5377,-100,庄司 泰久
2025/01/17 11:26:59,WEB画面,7987213,7987213X11Y17,【イルマワン アイ対応】アイコス イルマワン ILUMA i ケース 保護ケース iqosイルマワン イルマワンカバー NEK ★REV 7987213 耐衝撃 おしゃれ iqos iluma one 専用 IQOSイルマワン保護ケース レザー ヒョウ柄 ペイズリー 保護カバー アクセサリー アイコスケース 送料無料,イルマワン,G,X11,Y17,,0,35,30,-5,庄司 泰久
2025/01/17 11:26:59,WEB画面,7987213,7987213X11Y18,【イルマワン アイ対応】アイコス イルマワン ILUMA i ケース 保護ケース iqosイルマワン イルマワンカバー NEK ★REV 7987213 耐衝撃 おしゃれ iqos iluma one 専用 IQOSイルマワン保護ケース レザー ヒョウ柄 ペイズリー 保護カバー アクセサリー アイコスケース 送料無料,イルマワン,H,X11,Y18,,0,32,22,-10,庄司 泰久
2025/01/17 11:27:05,受注取込,7988071,7988071X15Y14,【内ボア防寒性◎】 シャツジャケット ボアジャケット ネルシャツ メンズ レディース ★REV 7988071 シャツ カジュアルシャツ 長袖 ボア ジャケット 長袖シャツ 秋冬 チェック柄 チェック 起毛 アメカジ 裏ボア ジャケットメンズ Vintage 厚手 着る毛布 暖かい 防寒 送料無料,XL,D_ネイビー×グレー,X15,Y14,,0,12,11,-1,
2025/01/17 11:44:38,WEB画面,7988097,7988097X15Y11,【ムートン中敷き付】 防寒ブーツ スノーブーツ ウインターブーツ ブーツ 7988097 冬 ムートンブーツ メンズ ムートン メンズブーツ 防寒靴 メンズ冬靴 サイドジップ 靴 シューズ 防滑 撥水 アウトドア キャンプ スノボ 登山 プレゼント ギフト 送料無料,27.0cm,ブラック,X15,Y11,,0,71,70,-1,塩谷 満里子
2025/01/17 11:46:07,WEB画面,7987517,7987517X11Y11,キーケース メンズ レディース 本革 レザー スマートキー キーホルダー AirTag エアタグ NEK ★REV 7987517 鍵 キーチェーン 小銭入れ 自転車の鍵 独立式 財布 ポケット カラビナ 電子マネー キャッシュレス,ワンサイズ,ブラック,X11,Y11,,0,7,2,-5,庄司 泰久
2025/01/17 11:46:07,WEB画面,7987517,7987517X11Y13,キーケース メンズ レディース 本革 レザー スマートキー キーホルダー AirTag エアタグ NEK ★REV 7987517 鍵 キーチェーン 小銭入れ 自転車の鍵 独立式 財布 ポケット カラビナ 電子マネー キャッシュレス,ワンサイズ,ピンク,X11,Y13,,0,-1,0,1,庄司 泰久
2025/01/17 11:46:07,WEB画面,7987517,7987517X11Y14,キーケース メンズ レディース 本革 レザー スマートキー キーホルダー AirTag エアタグ NEK ★REV 7987517 鍵 キーチェーン 小銭入れ 自転車の鍵 独立式 財布 ポケット カラビナ 電子マネー キャッシュレス,ワンサイズ,ブラウン,X11,Y14,,0,20,15,-5,庄司 泰久
2025/01/17 11:47:01,WEB画面,7991430,7991430X11Y11,キーケース メンズ レディース 本革 レザー スマートキー キーホルダー 鍵 キーチェーン 小銭入れ 送料無料 ALI 7991430 プレゼント ギフト,ONESIZE,キャメル,X11,Y11,,0,35,30,-5,庄司 泰久
2025/01/17 11:47:01,WEB画面,7991430,7991430X11Y12,キーケース メンズ レディース 本革 レザー スマートキー キーホルダー 鍵 キーチェーン 小銭入れ 送料無料 ALI 7991430 プレゼント ギフト,ONESIZE,ダークブラウン,X11,Y12,,0,38,33,-5,庄司 泰久
2025/01/17 11:51:37,WEB画面,7987562,7987562X11Y12,【カード36枚！】本革 レザー 長財布 メンズ レディース 財布 カードケース LTG カード入れ 多い カード NEK ★REV 7987562 お札が折れない スキミング防止 ファスナー ラウンドジッパー マルチケース パスポート 通帳 じゃばら 36ポケット,ワンサイズ,ブラウン,X11,Y12,,0,2,0,-2,庄司 泰久
2025/01/17 11:51:37,WEB画面,7987562,7987562X11Y14,【カード36枚！】本革 レザー 長財布 メンズ レディース 財布 カードケース LTG カード入れ 多い カード NEK ★REV 7987562 お札が折れない スキミング防止 ファスナー ラウンドジッパー マルチケース パスポート 通帳 じゃばら 36ポケット,ワンサイズ,ライトピンク,X11,Y14,,0,4,2,-2,庄司 泰久
2025/01/17 11:57:51,WEB画面,7987562,7987562X11Y13,【カード36枚！】本革 レザー 長財布 メンズ レディース 財布 カードケース LTG カード入れ 多い カード NEK ★REV 7987562 お札が折れない スキミング防止 ファスナー ラウンドジッパー マルチケース パスポート 通帳 じゃばら 36ポケット,ワンサイズ,ローズ,X11,Y13,,0,2,3,1,庄司 泰久
2025/01/17 11:57:51,WEB画面,7987562,7987562X11Y14,【カード36枚！】本革 レザー 長財布 メンズ レディース 財布 カードケース LTG カード入れ 多い カード NEK ★REV 7987562 お札が折れない スキミング防止 ファスナー ラウンドジッパー マルチケース パスポート 通帳 じゃばら 36ポケット,ワンサイズ,ライトピンク,X11,Y14,,0,2,3,1,庄司 泰久
2025/01/17 12:00:50,受注取込,7988032,7988032X12Y11,【サイズが合えばお買い得】安全靴 メンズ エアウォーク AIR WALK AW860 セーフティーシューズ ミッドカット スニーカー 靴 ブランド 幅広 EEE 送料無料,25.5cm,ネイビー,X12,Y11,,0,65,64,-1,
2025/01/17 12:02:01,受注取込,7987743,7987743X11Y12,【仕切り上手】ミニトート バッグ レディース メンズ トートバッグ トート ミニ 仕切り NEK ★REV 7987743 ポケット キャンバス ランチバッグ マザーズバッグ 収納 かわいい シンプル おしゃれ 便利 無地 通勤 通学 ユニセックス ジッパー付き 防犯 紛失 対策 送料無料,ONESIZE,グリーン,X11,Y12,,0,24,23,-1,
2025/01/17 12:15:00,受注取込,7987621,7987621X11Y21,【裏ボア】ニット帽　耳あて イヤーマフ 防寒 メンズ レディース ニットキャップ つば付き 帽子 ニット NEK ★REV 7987621 秋冬 クリスマス プレゼント ギフト 母の日 父の日 送料無料,ONESIZE,K_グレー,X11,Y21,,0,17,16,-1,
2025/01/17 12:28:00,受注取込,7987310,7987310X12Y13,【ほどよいワイド感】カーゴパンツ ワークパンツ ★REV 7987310 ミリタリーパンツ メンズ レディース 送料無料,L,オリーブ,X12,Y13,,0,21,20,-1,
2025/01/17 12:42:05,受注取込,7987662,7987662X11Y17,【大きくルーズにかぶれる】大きいサイズ ニット帽 ニットキャップ 帽子 メンズ レディース NEK ★REV 7987662 ワッチキャップ プレゼント ギフト 母の日 父の日 プレゼント 誕生日 クリスマス 秋冬 防寒 おしゃれ 無地 送料無料,ONESIZE,ワイン,X11,Y17,,0,32,31,-1,
2025/01/17 12:45:31,受注取込,7987067,7987067X14Y11,【復刻】安全靴 スニーカー エアウォーク 迷彩デニム ミッドカット ハイカット ミドルカット AIR WALK AW-661 AW-681 Y_YU 7987067 メンズ おしゃれ 耐滑底 樹脂先芯 超軽量 CamoDenim 紐 マジックテープ セーフティシューズ 作業靴,26.5cm,AW-661_BK×YE(紐タイプ),X14,Y11,,0,12,11,-1,
2025/01/17 12:57:30,受注取込,7998075,7998075X1Y5,他店圧倒価格♪最安値に挑戦！ 1点までメール便送料無料 ワッチキャップ ニット帽子 ニットキャップ 7998075 【MB】【ALI】■05161126【wow未販売】 sg追加200125 sg追加200125,ONESIZE,チャコール,X1,Y5,,0,81,80,-1,
2025/01/17 12:58:35,受注取込,7988332,7988332X15Y11,【ワンちゃん格上げ！】 ドッグウェア 犬服 アディドッグ adidog THE DOG FACE ★REVG new dogs ペット服 小型犬 ノースリーブ NEK 7988332 犬の服 タンクトップ 犬洋服 犬用服 ペット 犬 服 犬用 かっこいい かわいい サロペット ロンパース オーバーオール 男の子 女の子,L+,adidog(ブラック),X15,Y11,,0,24,23,-1,
2025/01/17 13:20:50,受注取込,7988029,7988029X13Y13,【裏ボアで暖か】パーカー ジャケット メンズ ★REV 7988029 着る毛布 杢カラー 裏ボア フリース セーター 送料無料,XL,ブラウン,X13,Y13,,0,19,18,-1,
2025/01/17 13:20:50,受注取込,7987475,7987475X11Y13,【護身用】タクティカルスティック 防災グッズ タクティカルペン キーホルダー キーリング NEK ★REV 7987475 護身 棒 車 ガラス 防災 災害 車内 軽量 丈夫 不審者 痴漢 痴漢対策 護身用 用品 武器 防犯 護身グッズ 自己防衛 コンパクト 非常時 タクティカル バッググリップ,ONESIZE,ブルー,X11,Y13,,0,1,0,-1,
2025/01/17 13:26:35,受注取込,7988459,7988459X14Y12,【速攻配達】ドッグウェア 犬 服 犬服 暖かい 冬 冬服 男の子 女の子 アディドッグ adidog DOG FACE ★REVG NEK 7988459 7988345 ペット服 小型犬 つなぎ パーカー お散歩 かっこいい かわいい サロペット ロンパース オーバーオール 裏起毛,L,adidog_グレー,X14,Y12,,0,3,2,-1,
2025/01/17 13:26:35,受注取込,7988459,7988459X14Y28,【速攻配達】ドッグウェア 犬 服 犬服 暖かい 冬 冬服 男の子 女の子 アディドッグ adidog DOG FACE ★REVG NEK 7988459 7988345 ペット服 小型犬 つなぎ パーカー お散歩 かっこいい かわいい サロペット ロンパース オーバーオール 裏起毛,L,PLADG_ベージュ,X14,Y28,,0,152,151,-1,
2025/01/17 13:26:35,受注取込,7988459,7988459X14Y17,【速攻配達】ドッグウェア 犬 服 犬服 暖かい 冬 冬服 男の子 女の子 アディドッグ adidog DOG FACE ★REVG NEK 7988459 7988345 ペット服 小型犬 つなぎ パーカー お散歩 かっこいい かわいい サロペット ロンパース オーバーオール 裏起毛,L,adidog_イエロー,X14,Y17,,0,29,28,-1,
2025/01/17 13:27:01,受注取込,7987642,7987642X11Y12,【送料無料】ミニ財布 メンズ 本革 レディース 二つ折り 財布 カードケース LTG カード入れ 多い NEK ★REV 7987642 折りたたみ コンパクト 小さい財布 小銭入れ コインスルー お札が折れない スキミング防止 ファスナー コインケース ミニマリスト ラウンドジッパー,ONESIZE,ブラウン,X11,Y12,,0,36,35,-1,
2025/01/17 13:28:14,WEB画面,7988542,7988542X11Y11,正規品 AVIREX メッシュキャップ キャップ 帽子 メンズ ブランド 大きいサイズ アヴィレックス アビレックス BIG SIZE 14308700-81 ブラック シャドーカモ,ONESIZE,ブラック(81),X11,Y11,,0,0,1,1,星島
2025/01/17 13:30:12,受注取込,7987162,7987162X12Y11,クロッグ サンダル スリッパ PEANUT スヌーピー SNOOPY Y_KO 8118 8278 ★REV 7987162 室内履き チャーリー ブラウン 軽量 総柄,24.0cm,8118-ホワイト,X12,Y11,,0,4,3,-1,
2025/01/17 13:32:01,受注取込,7987129,7987129X11Y13,【高級 天然木材】長い 靴べら 靴ベラ ロング 天然木 ★REV 7987129 70〜75cm 使いやすい おしゃれ アンティーク 北欧 父の日 母の日 プレゼント ギフト 送料無料,ONESIZE,C,X11,Y13,,0,14,11,-3,
2025/01/17 13:42:00,受注取込,7987475,7987475X11Y15,【護身用】タクティカルスティック 防災グッズ タクティカルペン キーホルダー キーリング NEK ★REV 7987475 護身 棒 車 ガラス 防災 災害 車内 軽量 丈夫 不審者 痴漢 痴漢対策 護身用 用品 武器 防犯 護身グッズ 自己防衛 コンパクト 非常時 タクティカル バッググリップ,ONESIZE,ピンク,X11,Y15,,0,7,6,-1,
2025/01/17 13:42:00,受注取込,7987400,7987400X11Y16,【とにかくデカい！】大きいサイズ キャップ 大きめ ビッグサイズ ★REV 7987400 BIG SIZE メンズキャップ帽子 大きい帽子 メンズ帽子 レディース 春 夏 春夏 プレゼント ギフト 母の日 父の日 送料無料,ONESIZE,F-ブラック,X11,Y16,,0,41,40,-1,
2025/01/17 13:44:05,受注取込,7998075,7998075X1Y1,他店圧倒価格♪最安値に挑戦！ 1点までメール便送料無料 ワッチキャップ ニット帽子 ニットキャップ 7998075 【MB】【ALI】■05161126【wow未販売】 sg追加200125 sg追加200125,ONESIZE,ブラック杢,X1,Y1,,0,217,216,-1,
2025/01/17 13:44:05,受注取込,7988332,7988332X12Y16,【ワンちゃん格上げ！】 ドッグウェア 犬服 アディドッグ adidog THE DOG FACE ★REVG new dogs ペット服 小型犬 ノースリーブ NEK 7988332 犬の服 タンクトップ 犬洋服 犬用服 ペット 犬 服 犬用 かっこいい かわいい サロペット ロンパース オーバーオール 男の子 女の子,S,adidog(ゴールド×ブラック),X12,Y16,,0,17,16,-1,
2025/01/17 13:44:58,WEB画面,7988070,7988070X11Y15,【カシミヤタッチ！】マフラー レディース メンズ 大判 バイカラー NEK ★REV 7988070 リバーシブル 大きいマフラー あたたかい 無地 大判ストール 厚手マフラー ソフトタッチ カシミヤタッチ カシミアタッチ カジュアル 無地 暖かい 秋冬 小物 防寒 ショール 送料無料,ONESIZE,ワイン,X11,Y15,,0,15,14,-1,星島
2025/01/17 13:46:07,WEB画面,7992064,7992064X13Y11,iphone TYPE-C 3.5mm イヤホン 変換アダプター iphone 充電ケーブル iphone 変換 送料無料 ライトニングジャック ライトニングポート アダプタ イヤホンジャック NEK ALI 7992064 190811 sg追加200125 sg追加200125,TYPE-C×イヤホンジャック,ブラック,X13,Y11,,0,0,1,1,星島
2025/01/17 13:47:19,WEB画面,7992064,7992064X13Y11,iphone TYPE-C 3.5mm イヤホン 変換アダプター iphone 充電ケーブル iphone 変換 送料無料 ライトニングジャック ライトニングポート アダプタ イヤホンジャック NEK ALI 7992064 190811 sg追加200125 sg追加200125,TYPE-C×イヤホンジャック,ブラック,X13,Y11,,0,1,0,-1,星島
2025/01/17 13:48:37,WEB画面,7992066,7992066X12Y11,TYPE-C 変換アダプター TYPE-C 変換ケーブル 変換 イヤホン ipad pro 2018 送料無料 アダプタ 3.5mm イヤホンジャック MB ALI 7992066 190811 プレゼント ギフト,TYPE-C×イヤホンジャック,ホワイト,X12,Y11,,0,0,5,5,星島
2025/01/17 13:49:00,受注取込,7988044,7988044X11Y23,ショルダーバッグ メンズ ワンショルダー 斜め掛け ★REV 7988044 おしゃれバッグ Vintage 斜めがけ メンズボディバック かっこいい ボディバッグ レザー ワンショルダーバッグ カバン 鞄 かばん レザー調 メンズバッグ 斜めがけ メンズショルダーバック 散歩 送料無料,ONESIZE,M_ブラック,X11,Y23,,0,18,17,-1,
2025/01/17 13:49:11,WEB画面,7992066,7992066X12Y11,TYPE-C 変換アダプター TYPE-C 変換ケーブル 変換 イヤホン ipad pro 2018 送料無料 アダプタ 3.5mm イヤホンジャック MB ALI 7992066 190811 プレゼント ギフト,TYPE-C×イヤホンジャック,ホワイト,X12,Y11,,0,5,4,-1,星島
2025/01/17 13:50:02,WEB画面,7987956,7987956X11Y15,イヤホン ワイヤレス スポーツ Bluetooth5.2 防水 サラウンド イヤホン マイク NEK ★REV 7987956 左右兼用 片耳 高音質 イヤホン iPhone android スマホ対応 ブルートゥース 高音質 ランニング 運動 耳掛け,ONESIZE,オリーブ,X11,Y15,,0,0,2,2,星島
2025/01/17 13:50:02,WEB画面,7987956,7987956X11Y16,イヤホン ワイヤレス スポーツ Bluetooth5.2 防水 サラウンド イヤホン マイク NEK ★REV 7987956 左右兼用 片耳 高音質 イヤホン iPhone android スマホ対応 ブルートゥース 高音質 ランニング 運動 耳掛け,ONESIZE,ピンク,X11,Y16,,0,0,2,2,星島
2025/01/17 13:56:35,受注取込,7987653,7987653X13Y12,ドッグウェア 犬服 ネルシャツ チェック 小型犬 犬 ネコ ジャケット ハーネス NEK ★REVG 7987653 お散歩 かっこいい 可愛い オシャレ 大人 綿 フランネル タータン イエロー グリーン 長袖 暖かい ワイシャツ 重ね着 シャツ ペットウェア アウトドア,L,グリーン×ブラウン,X13,Y12,,0,9,8,-1,
2025/01/17 13:56:35,受注取込,7987653,7987653X13Y11,ドッグウェア 犬服 ネルシャツ チェック 小型犬 犬 ネコ ジャケット ハーネス NEK ★REVG 7987653 お散歩 かっこいい 可愛い オシャレ 大人 綿 フランネル タータン イエロー グリーン 長袖 暖かい ワイシャツ 重ね着 シャツ ペットウェア アウトドア,L,イエロー×ブラウン,X13,Y11,,0,12,11,-1,
2025/01/17 14:10:10,受注取込,7987559,7987559X11Y12,ミニ財布 ミニウォレット 短財布 メンズ レディース ウォレット NEK ★REV 7987559 プレゼント ギフト 父の日 母の日 プチギフト 誕プレ 送料無料,ONESIZE,ブラック,X11,Y12,,0,34,33,-1,
2025/01/17 14:14:05,受注取込,7987150,7987150X11Y17,【本革なのにコノ価格】キーケース キーリング 本革 本皮 スマートキーケース NEK 7987150 ★REV スマートタグ 鍵 バイク 自転車 6連 独立式,ONESIZE,B-ブラック,X11,Y17,,0,12,11,-1,
2025/01/17 14:14:57,WEB画面,7997141,7997141X14Y11,特大 スイカ ドーナツ 浮き輪 浮輪 送料無料 プール 大人用 子供用 NEK 7997141 ★REV 120cm 90cm 80cm 70cm 60cm サイズ 大きい 大きめ うきわ ウキワ すいか 海 海水浴 ビックフロート 水上 レジャー かわいい フローティングベッド 西瓜 子供用浮き輪 大人 子供 こども,70cm,スイカ,X14,Y11,,0,164,163,-1,早乙女
2025/01/17 14:20:18,WEB画面,7995525,7995525X1Y11,AVIREX 限定モデル キャップ 帽子 父の日 贈り物 プレゼント メンズ ★REV ブラックシリーズ 黒 アビレックス アヴィレックス メッシュキャップ ハンチング ローキャップ バケット ハット ワークキャップ レディース かっこいい yos プレゼント ギフト,ONESIZE,【K】ローキャップ_14787600_80,X1,Y11,,0,50,100,50,植野
2025/01/17 14:21:35,受注取込,7987662,7987662X11Y14,【大きくルーズにかぶれる】大きいサイズ ニット帽 ニットキャップ 帽子 メンズ レディース NEK ★REV 7987662 ワッチキャップ プレゼント ギフト 母の日 父の日 プレゼント 誕生日 クリスマス 秋冬 防寒 おしゃれ 無地 送料無料,ONESIZE,グレー,X11,Y14,,0,211,210,-1,
2025/01/17 14:22:26,WEB画面,7988060,7988060X11Y11,AVIREX アビレックス キャップ ニット帽 帽子 大きい 大きめ 大きいサイズ ★REV 14986700 ニット素材 メンズ レディース アヴィレックス ブランド プレゼント ギフト ミリタリー アメカジ ストリート アウトドア 送料無料,ONESIZE,ブラック(80),X11,Y11,,0,70,146,76,植野
2025/01/17 14:22:26,WEB画面,7988060,7988060X11Y12,AVIREX アビレックス キャップ ニット帽 帽子 大きい 大きめ 大きいサイズ ★REV 14986700 ニット素材 メンズ レディース アヴィレックス ブランド プレゼント ギフト ミリタリー アメカジ ストリート アウトドア 送料無料,ONESIZE,グレー(85),X11,Y12,,0,8,86,78,植野
2025/01/17 14:24:23,WEB画面,7988060,7988060X11Y12,AVIREX アビレックス キャップ ニット帽 帽子 大きい 大きめ 大きいサイズ ★REV 14986700 ニット素材 メンズ レディース アヴィレックス ブランド プレゼント ギフト ミリタリー アメカジ ストリート アウトドア 送料無料,ONESIZE,グレー(85),X11,Y12,,0,86,87,1,植野
2025/01/17 14:33:57,WEB画面,7986979,7986979X11Y34,【大きいサイズ/普通サイズ】ニット帽 ニットキャップ メンズ レディース フリース内蔵 帽子 NEK ★REV 7986979 大きいサイズ 普通サイズ つば付き ビーニー ワッチキャップ ハンチング ケーブル編み プレゼント ギフト 送料無料,普通サイズ,X,X11,Y34,,0,11,12,1,星島
2025/01/17 14:33:57,WEB画面,7986979,7986979X12Y34,【大きいサイズ/普通サイズ】ニット帽 ニットキャップ メンズ レディース フリース内蔵 帽子 NEK ★REV 7986979 大きいサイズ 普通サイズ つば付き ビーニー ワッチキャップ ハンチング ケーブル編み プレゼント ギフト 送料無料,大きいサイズ,X,X12,Y34,,0,31,30,-1,星島
2025/01/17 14:36:58,WEB画面,7995525,7995525X1Y3,AVIREX 限定モデル キャップ 帽子 父の日 贈り物 プレゼント メンズ ★REV ブラックシリーズ 黒 アビレックス アヴィレックス メッシュキャップ ハンチング ローキャップ バケット ハット ワークキャップ レディース かっこいい yos プレゼント ギフト,ONESIZE,【C】ローキャップ_14911100,X1,Y3,,0,6,56,50,植野
2025/01/17 14:36:58,WEB画面,7995525,7995525X1Y4,AVIREX 限定モデル キャップ 帽子 父の日 贈り物 プレゼント メンズ ★REV ブラックシリーズ 黒 アビレックス アヴィレックス メッシュキャップ ハンチング ローキャップ バケット ハット ワークキャップ レディース かっこいい yos プレゼント ギフト,ONESIZE,【D】ワークキャップ_14911000,X1,Y4,,0,7,57,50,植野
2025/01/17 14:44:05,受注取込,7988059,7988059X15Y14,【なんと羽毛リアルダウン仕様】THE DOG FACE ダウンベスト ドッグウェア 犬 服 暖かい 冬 冬服 NEK ★REVG 7988059 ダウンジャケット アウター ドッグフェイス 男の子 女の子 プレゼント ギフト インスタ映え 送料無料,XXL,ブラック/グリーン,X15,Y14,,0,10,9,-1,
2025/01/17 14:47:05,受注取込,7987660,7987660X11Y11,【家トレ お得な5点セット】腹筋ローラー 腹筋 筋トレ アブローラー ★REV 7987660 プッシュアップバー 縄跳び 腕立て 器具 ハンドグリップ 握力 コロコロ ヨガマット トレーニング 自重トレ 初心者 中級者 上級者 エクササイズ 送料無料,ONESIZE,ブルー×ブラック,X11,Y11,,0,48,47,-1,
2025/01/17 14:53:05,受注取込,7988059,7988059X15Y14,【なんと羽毛リアルダウン仕様】THE DOG FACE ダウンベスト ドッグウェア 犬 服 暖かい 冬 冬服 NEK ★REVG 7988059 ダウンジャケット アウター ドッグフェイス 男の子 女の子 プレゼント ギフト インスタ映え 送料無料,XXL,ブラック/グリーン,X15,Y14,,0,9,8,-1,
2025/01/17 14:55:20,WEB画面,7987161,7987161X13Y12,パウパト パウパトロール スニーカー キッズ 靴 メッシュ 通気性 Y_KO 70146 70147 ★REV 7987161 女の子 子ども こども 靴 くつ 子供靴 シューズ 男児 女児 クツ キッズ キャラクター グッズ チェイス スカイ 新学期 入園 入学,17.0cm,70147-ピンク,X13,Y12,,0,13,0,-13,塩谷 満里子
2025/01/17 14:57:24,受注取込,7987662,7987662X11Y11,【大きくルーズにかぶれる】大きいサイズ ニット帽 ニットキャップ 帽子 メンズ レディース NEK ★REV 7987662 ワッチキャップ プレゼント ギフト 母の日 父の日 プレゼント 誕生日 クリスマス 秋冬 防寒 おしゃれ 無地 送料無料,ONESIZE,レンガ ,X11,Y11,,0,25,24,-1,
2025/01/17 14:57:24,受注取込,7987662,7987662X11Y13,【大きくルーズにかぶれる】大きいサイズ ニット帽 ニットキャップ 帽子 メンズ レディース NEK ★REV 7987662 ワッチキャップ プレゼント ギフト 母の日 父の日 プレゼント 誕生日 クリスマス 秋冬 防寒 おしゃれ 無地 送料無料,ONESIZE,ブラック,X11,Y13,,0,547,546,-1,
2025/01/17 15:05:35,受注取込,7988105,7988105X11Y11,【音に合わせて光る！】スタンドライト コーナーライト LEDライト フロアライト 照明器具 スタンド照明 間接照明 調光 ★REV 7988105 照明 led フロアランプ 音に反応 音 おしゃれ 室内照明 ルームライト リビング フロアスタンドライト 明るい ledフロアライト 送料無料,ONESIZE,ブラック,X11,Y11,,0,30,28,-2,
2025/01/17 15:20:37,WEB画面,7992548,7992548X11Y12,正規品 AVIREX メッシュキャップ キャップ 帽子 メンズ ブランド 大きいサイズ 大きめ ビッグサイズ アヴィレックス アビレックス BIG SIZE 14308600 190603 プレゼント ギフト,ONESIZE,カーキ(35),X11,Y12,,0,0,1,1,星島
2025/01/17 15:21:53,WEB画面,7987213,7987213X11Y35,【イルマワン アイ対応】アイコス イルマワン ILUMA i ケース 保護ケース iqosイルマワン イルマワンカバー NEK ★REV 7987213 耐衝撃 おしゃれ iqos iluma one 専用 IQOSイルマワン保護ケース レザー ヒョウ柄 ペイズリー 保護カバー アクセサリー アイコスケース 送料無料,イルマワン,Y,X11,Y35,,0,33,32,-1,植野
2025/01/17 15:22:05,受注取込,7987145,7987145X11Y11,電動爪切り 爪切り コードレス 研磨機 電動ツメ削り 爪ヤスリ ★REV 7987145 つめ切り後 なめらかに Type-c 充電式 タングステン鋼 自動爪切り ネイルケア 安心 日用品 美容 健康 大人 子供 介護用品 送料無料,ONESIZE,ホワイト,X11,Y11,,0,9,8,-1,
2025/01/17 15:24:31,受注取込,7987662,7987662X11Y14,【大きくルーズにかぶれる】大きいサイズ ニット帽 ニットキャップ 帽子 メンズ レディース NEK ★REV 7987662 ワッチキャップ プレゼント ギフト 母の日 父の日 プレゼント 誕生日 クリスマス 秋冬 防寒 おしゃれ 無地 送料無料,ONESIZE,グレー,X11,Y14,,0,210,209,-1,
2025/01/17 15:25:24,受注取込,7986993,7986993X11Y11,イヤホン ワイヤレス スポーツ Bluetooth5.0 ワイヤレスイヤホン NEK ★REV 7986993  マイク 左右兼用 片耳 高音質 イヤホン スポーツ iPhone android スマホ対応 ブルートゥース 高音質 ランニング 運動,ONESIZE,ブラック,X11,Y11,,0,2,1,-1,
2025/01/17 15:26:35,受注取込,7988386,7988386X11Y14,【高輝度・省電力】LED 卓上 ライト 間接照明 おしゃれ テーブルランプ 北欧 ベッドライト ★REV 7988386 照明 ランプ 一人暮らし ナイトランプ ムードランプ インテリア 雑貨 スタンドライト フロアライト ベッドサイド ルームライト 寝室 usb 電気スタンド フロアランプ,ONESIZE,キャメル,X11,Y14,,0,95,94,-1,
2025/01/17 15:28:05,受注取込,7986993,7986993X11Y11,イヤホン ワイヤレス スポーツ Bluetooth5.0 ワイヤレスイヤホン NEK ★REV 7986993  マイク 左右兼用 片耳 高音質 イヤホン スポーツ iPhone android スマホ対応 ブルートゥース 高音質 ランニング 運動,ONESIZE,ブラック,X11,Y11,,0,1,0,-1,
2025/01/17 15:31:59,WEB画面,7988039,7988039X13Y14,【最安値に挑戦】犬 服 暖かい 犬の服 ドッグウエア ボア ダウン ジャケット コート ドッグウエア NEK ★REVG 7988039 小型犬 中型犬 秋 秋服 冬 冬用 冬服 秋冬 おしゃれ かわいい 可愛い 着せやすい 女の子 男の子 オス メス 背開き アウター ベスト ハーネス 送料無料,L,ブラック,X13,Y14,,0,25,24,-1,早乙女
2025/01/17 15:32:01,受注取込,7987678,7987678X11Y11,【洗濯可能】トレーニンググローブ 手袋 筋トレ 筋トレグローブ メンズ レディース 指無し NEK ★REV 7987678 ウェイトリフティング 防滑 クッション性 伸びる 洗濯OK バーベル サイクリング ヨガ グリップ,S,ブラック,X11,Y11,,0,2,1,-1,
2025/01/17 15:46:05,受注取込,7990744,7990744X14Y14,在庫あり マスク カラーマスク 大きいサイズあり 洗える 手洗い 繰り返し使える NEK 7990744 ブラック 大人用 マスク 黒マスク ブラックマスク 花粉 pm2.5 クロ B系 ストリート ファッション コスプレ ストレッチ 12色展開 ALI  プレゼント ギフト,特大サイズ(XL),グレー,X14,Y14,,0,146,145,-1,
2025/01/17 15:50:46,受注取込,7998481,7998481X2Y1,本革 レザー 中折れハット 帽子 メンズ 7998481 大きいサイズあり プレゼント ギフト,BIGサイズ,ブラックスエード,X2,Y1,,0,14,13,-1,
2025/01/17 15:58:00,受注取込,7990226,7990226X11Y11,【12本入り 速攻配達 送料無料】藤の花 魔除け 造花 フェイクフラワー ★REV 7990226 <br> 鬼が嫌う 誕生日 お祝い プレゼント ギフト 飾り付け 和 インテリア 造花 藤の花 フェイクグリーン インテリアグリーン セット 花飾り 吊り下げ 人工観葉植物 12本入り 送料無料,ONESIZE,パープル,X11,Y11,,0,122,121,-1,
2025/01/17 15:58:05,受注取込,7987439,7987439X12Y13,【通気性◎】メッシュキャップ メンズ 帽子 7987439 ★REV 野球帽 普通サイズ 56cm〜59cm 大きいサイズ ビッグサイズ 59cm〜63cm BIG 刺繍 プレゼント ギフト 送料無料,大きいサイズ,ブラック×ゴールド,X12,Y13,,0,6,5,-1,
2025/01/17 16:09:05,受注取込,7987493,7987493X11Y12,【楽あけくん】 瓶オープナー 缶オープナー キャップオープナー 蓋開け ジャーオープナー NEK ★REV 7987493 ツイスト 力節約 びん蓋開け ジャムのフタや缶 滑り止め 安全 らくらく 力の弱い 女性 お年寄り お子様 キッチンツール キッチン用品 送料無料,ONESIZE,グリーン,X11,Y12,,0,38,36,-2,
2025/01/17 16:13:35,受注取込,7988059,7988059X15Y13,【なんと羽毛リアルダウン仕様】THE DOG FACE ダウンベスト ドッグウェア 犬 服 暖かい 冬 冬服 NEK ★REVG 7988059 ダウンジャケット アウター ドッグフェイス 男の子 女の子 プレゼント ギフト インスタ映え 送料無料,XXL,ブラック/オレンジ,X15,Y13,,0,25,24,-1,
2025/01/17 16:13:35,受注取込,7987952,7987952X11Y13,2WAY ボストンバッグ 大容量 メンズ レディース ショルダーバッグ 旅行 ★REV 7987952 アウトドア キャンプ スポーツ ジム ゴルフ 肩掛け シューズ収納 軽量 防水 靴収納 スポーツバッグ ジムバッグ 2wayバック 男 女子 ボストンバック 靴 収納 ボストン メンズ 送料無料,ONESIZE,オリーブ,X11,Y13,,0,10,9,-1,
2025/01/17 16:33:10,受注取込,7987277,7987277X13Y12,【L字で使いやすい】爆速 PD60w対応 スマホ ケーブル C-TO-C Type-C to C NEK ★REV 7987277 TYPE-C 長さ25cm〜3m iPhone 3A SPEED 急速 充電器 iPhone15 ipad ipad mini IQOS アイコス イルマ イルマワン プライム 送料無料,2.0M,レッド,X13,Y12,,0,10,9,-1,
2025/01/17 16:43:01,WEB画面,7992029,7992029X11Y11,長財布 財布 メンズ レディース 姫路レザー 日本製 本革 レザー 吟スリ 銀磨り 少量入荷 希少品 送料無料 AA-018 ブラック 黒 プレゼント ギフト,ONESIZE,ブラック,X11,Y11,,0,14,15,1,早乙女
2025/01/17 16:59:31,受注取込,7988044,7988044X11Y15,ショルダーバッグ メンズ ワンショルダー 斜め掛け ★REV 7988044 おしゃれバッグ Vintage 斜めがけ メンズボディバック かっこいい ボディバッグ レザー ワンショルダーバッグ カバン 鞄 かばん レザー調 メンズバッグ 斜めがけ メンズショルダーバック 散歩 送料無料,ONESIZE,E_ブラウン,X11,Y15,,0,12,10,-2,
2025/01/17 17:17:56,WEB画面,7988332,7988332X14Y12,【ワンちゃん格上げ！】 ドッグウェア 犬服 アディドッグ adidog THE DOG FACE ★REVG new dogs ペット服 小型犬 ノースリーブ NEK 7988332 犬の服 タンクトップ 犬洋服 犬用服 ペット 犬 服 犬用 かっこいい かわいい サロペット ロンパース オーバーオール 男の子 女の子,L,adidog(レッド),X14,Y12,,0,14,15,1,早乙女
2025/01/17 17:18:21,WEB画面,7988459,7988459X14Y22,【速攻配達】ドッグウェア 犬 服 犬服 暖かい 冬 冬服 男の子 女の子 アディドッグ adidog DOG FACE ★REVG NEK 7988459 7988345 ペット服 小型犬 つなぎ パーカー お散歩 かっこいい かわいい サロペット ロンパース オーバーオール 裏起毛,L,DOGFACE_ベージュ,X14,Y22,,0,178,179,1,早乙女
2025/01/17 17:40:13,WEB画面,7992544,7992544X11Y13,正規品 AVIREX メッシュキャップ キャップ 帽子 メンズ ブランド 大きいサイズ アヴィレックス アビレックス BIG SIZE 14308700 190603,ONESIZE,ネイビー(49),X11,Y13,,0,0,3,3,星島
2025/01/17 17:42:05,受注取込,7988050,7988050X14Y13,ドッグウェア 犬服 虎 寅 うさぎ 恐竜 きょうりゅう アニマル サファリ ペット服 NEK ★REVG 7988050小型犬 つなぎ パーカー お散歩 かっこいい かわいい サロペット ロンパース オーバーオール 裏起毛 コスプレ 年賀状 撮影 送料無料,L,きょうりゅう,X14,Y13,,0,16,15,-1,
2025/01/17 17:45:05,受注取込,7988386,7988386X11Y11,【高輝度・省電力】LED 卓上 ライト 間接照明 おしゃれ テーブルランプ 北欧 ベッドライト ★REV 7988386 照明 ランプ 一人暮らし ナイトランプ ムードランプ インテリア 雑貨 スタンドライト フロアライト ベッドサイド ルームライト 寝室 usb 電気スタンド フロアランプ,ONESIZE,アイボリー,X11,Y11,,0,135,134,-1,
2025/01/17 17:48:00,受注取込,7987642,7987642X11Y11,【送料無料】ミニ財布 メンズ 本革 レディース 二つ折り 財布 カードケース LTG カード入れ 多い NEK ★REV 7987642 折りたたみ コンパクト 小さい財布 小銭入れ コインスルー お札が折れない スキミング防止 ファスナー コインケース ミニマリスト ラウンドジッパー,ONESIZE,ブラック,X11,Y11,,0,50,49,-1,
2025/01/17 17:53:31,受注取込,7987678,7987678X11Y11,【洗濯可能】トレーニンググローブ 手袋 筋トレ 筋トレグローブ メンズ レディース 指無し NEK ★REV 7987678 ウェイトリフティング 防滑 クッション性 伸びる 洗濯OK バーベル サイクリング ヨガ グリップ,S,ブラック,X11,Y11,,0,1,0,-1,
2025/01/17 18:09:15,受注取込,7987070,7987070X11Y11,【お得な2枚組】X-LARGE XLARGE エクストララージ ボクサーパンツ メンズ アンダーウェア 下着 NEK ★REVL 7987070 かっこいい ツルツル おすすめ 人気 カモフラ タイダイ 炎 迷彩 カモ柄 ブランド 男性 紳士 プレゼント プチギフト 父の日 誕生日 彼氏 父 息子 ギフト 記念日 大きいサイズ 福袋 送料無料,M,2枚組,X11,Y11,,0,23,22,-1,
2025/01/17 18:16:37,受注取込,7987493,7987493X11Y12,【楽あけくん】 瓶オープナー 缶オープナー キャップオープナー 蓋開け ジャーオープナー NEK ★REV 7987493 ツイスト 力節約 びん蓋開け ジャムのフタや缶 滑り止め 安全 らくらく 力の弱い 女性 お年寄り お子様 キッチンツール キッチン用品 送料無料,ONESIZE,グリーン,X11,Y12,,0,36,35,-1,
2025/01/17 18:19:05,受注取込,7987810,7987810X11Y28,数字油絵 DIY 大人の塗り絵 子供の塗り絵 夏休みの宿題 インテリア 絵画 NEK ★REV 7987810 数字塗り絵 数字 油絵 セット 可愛い 塗り絵 大人 ぬり絵 ぬりえ 大人のぬりえ パズル塗り絵 パズルぬりえ インテリア おしゃれ アートパネル 暇つぶし プレゼント ギフト 送料無料,ONESIZE,R,X11,Y28,,0,8,7,-1,
2025/01/17 18:29:35,受注取込,7987662,7987662X11Y12,【大きくルーズにかぶれる】大きいサイズ ニット帽 ニットキャップ 帽子 メンズ レディース NEK ★REV 7987662 ワッチキャップ プレゼント ギフト 母の日 父の日 プレゼント 誕生日 クリスマス 秋冬 防寒 おしゃれ 無地 送料無料,ONESIZE,オフホワイト,X11,Y12,,0,180,179,-1,
2025/01/17 18:30:12,受注取込,7990305,7990305X11Y12,【速攻配達】マスク 送料無料 ボア イヤーマフ 防寒 冬 耳あて メンズ レディース 洗えるマスク 4色展開 ★REV NEK 7990305 プレゼント ギフト,ONESIZE,ブラック,X11,Y12,,0,573,572,-1,
2025/01/17 18:31:00,受注取込,7987559,7987559X11Y12,ミニ財布 ミニウォレット 短財布 メンズ レディース ウォレット NEK ★REV 7987559 プレゼント ギフト 父の日 母の日 プチギフト 誕プレ 送料無料,ONESIZE,ブラック,X11,Y12,,0,33,32,-1,
2025/01/17 18:32:05,WEB画面,7990619,7990619X11Y11,アルコール ジェル 除菌 消毒 500ml 62% 【50mlのミニボトル2本付き あす楽】 エタノール ハンドジェル アルコール 消毒 アルコール 除菌 アルコール消毒液 500ml アメリカFDA 認証商品 ウイルス対策  7990619 プレゼント ギフト,500ml,ジェルタイプ,X11,Y11,,0,2905,2809,-96,星島
2025/01/17 18:41:12,受注取込,7987025,7987025X11Y15,【とにかくデカい！】大きいサイズ 深め 60cm〜65cm 帽子 キャップ ★REV 7987025 Vintage くすみカラー メンズ レディース 無地 BIG SIZE 大きめ ビッグサイズ KING SIZE 送料無料,ONESIZE,グレー,X11,Y15,,0,22,21,-1,
2025/01/17 18:41:12,受注取込,7987025,7987025X11Y12,【とにかくデカい！】大きいサイズ 深め 60cm〜65cm 帽子 キャップ ★REV 7987025 Vintage くすみカラー メンズ レディース 無地 BIG SIZE 大きめ ビッグサイズ KING SIZE 送料無料,ONESIZE,ネイビー,X11,Y12,,0,17,16,-1,
2025/01/17 18:41:12,受注取込,7987025,7987025X11Y13,【とにかくデカい！】大きいサイズ 深め 60cm〜65cm 帽子 キャップ ★REV 7987025 Vintage くすみカラー メンズ レディース 無地 BIG SIZE 大きめ ビッグサイズ KING SIZE 送料無料,ONESIZE,ブラウン,X11,Y13,,0,20,19,-1,
2025/01/17 18:41:31,受注取込,7987793,7987793X18Y11,【最新モデル】安全靴 PUMA プーマ Heritage メンズ レディース スニーカー ★REV Y_YU 7987793 シューズ 23.0~30.0cm セーフティーシューズ ブランド,26.5cm,ブラックロー(64.215),X18,Y11,,0,92,91,-1,
2025/01/17 18:58:45,受注取込,7988080,7988080X11Y11,【ハイスペック】手袋 手ぶくろ 防寒 メンズ レディース 防水 撥水 防寒 防風 スマホ対応 NEK ★REV 7988080 グローブ アウトドア キャンプ 滑り止め グリップ ウィンタースポーツ フリース バイク 単車 ランニング 冬 男性用 てぶくろ 屋外 登山 送料無料,S,ブラック,X11,Y11,,0,16,15,-1,
2025/01/17 19:31:01,受注取込,7987168,7987168X11Y11,バーベキューコンロ 一人用 簡易式 焚き火台 グリル LTG 小型 コンパクト 小さい 小さめ 収納ケース付き 軽量 NEK ★REVL 7987168 少人数 七輪 しちりん 炭火焼 網焼き ソロキャンプ キャンプ ソロキャン 釣り ツーリング アウトドア BBQ コンパクト 送料無料,ONESIZE,シルバー,X11,Y11,,0,150,149,-1,
2025/01/17 19:35:30,受注取込,7987213,7987213X11Y38,【イルマワン アイ対応】アイコス イルマワン ILUMA i ケース 保護ケース iqosイルマワン イルマワンカバー NEK ★REV 7987213 耐衝撃 おしゃれ iqos iluma one 専用 IQOSイルマワン保護ケース レザー ヒョウ柄 ペイズリー 保護カバー アクセサリー アイコスケース 送料無料,イルマワン,BB,X11,Y38,,0,18,17,-1,
2025/01/17 19:35:30,受注取込,7988459,7988459X12Y12,【速攻配達】ドッグウェア 犬 服 犬服 暖かい 冬 冬服 男の子 女の子 アディドッグ adidog DOG FACE ★REVG NEK 7988459 7988345 ペット服 小型犬 つなぎ パーカー お散歩 かっこいい かわいい サロペット ロンパース オーバーオール 裏起毛,S,adidog_グレー,X12,Y12,,0,25,24,-1,
2025/01/17 19:35:30,受注取込,7987942,7987942X11Y12,【どこでもデスク】ベッドテーブル テーブル 折りたたみテーブル 小さい 一人用 おしゃれ ★REV 7987942 サイドテーブル ミニテーブル コンパクト 多機能 ノートパソコン デスク センターテーブル ローテーブル 送料無料,ONESIZE,ホワイト(木目),X11,Y12,,0,36,35,-1,
2025/01/17 19:54:01,受注取込,7988124,7988124X11Y12,大きいサイズ キャップ 帽子 メンズ フルキャップ ベースボールキャップ コットンキャップ 野球帽 ワンポイント ★REV 7988124 イーグル 鷲 刺繍 ミリタリー BIGSIZE キングサイズ 送料無料,ONESIZE,ネイビー,X11,Y12,,0,15,14,-1,
2025/01/17 20:03:05,受注取込,7990744,7990744X11Y16,在庫あり マスク カラーマスク 大きいサイズあり 洗える 手洗い 繰り返し使える NEK 7990744 ブラック 大人用 マスク 黒マスク ブラックマスク 花粉 pm2.5 クロ B系 ストリート ファッション コスプレ ストレッチ 12色展開 ALI  プレゼント ギフト,普通サイズ,杢チャコール,X11,Y16,,0,194,193,-1,
2025/01/17 20:08:31,受注取込,7987794,7987794X12Y11,【大きいサイズもあり】キャスハンチング キャップ メンズ レディース CULTURE MART NEK 101294 ★REV 7987794 ハンチング帽子 ハンチング帽 秋冬 帽子 ハンチング キャスケット メンズ帽子 レディース帽子秋冬 秋冬帽子 メンズハンチング おしゃれ カルチャーマート,大きいサイズ,ベージュ(1),X12,Y11,,0,23,22,-1,
2025/01/17 20:11:31,受注取込,7998075,7998075X1Y1,他店圧倒価格♪最安値に挑戦！ 1点までメール便送料無料 ワッチキャップ ニット帽子 ニットキャップ 7998075 【MB】【ALI】■05161126【wow未販売】 sg追加200125 sg追加200125,ONESIZE,ブラック杢,X1,Y1,,0,216,215,-1,
2025/01/17 20:17:35,受注取込,7987213,7987213X11Y20,【イルマワン アイ対応】アイコス イルマワン ILUMA i ケース 保護ケース iqosイルマワン イルマワンカバー NEK ★REV 7987213 耐衝撃 おしゃれ iqos iluma one 専用 IQOSイルマワン保護ケース レザー ヒョウ柄 ペイズリー 保護カバー アクセサリー アイコスケース 送料無料,イルマワン,J,X11,Y20,,0,9,8,-1,
2025/01/17 20:17:35,受注取込,7988039,7988039X14Y19,【最安値に挑戦】犬 服 暖かい 犬の服 ドッグウエア ボア ダウン ジャケット コート ドッグウエア NEK ★REVG 7988039 小型犬 中型犬 秋 秋服 冬 冬用 冬服 秋冬 おしゃれ かわいい 可愛い 着せやすい 女の子 男の子 オス メス 背開き アウター ベスト ハーネス 送料無料,XL,ペイントネイビー,X14,Y19,,0,9,8,-1,
2025/01/17 20:30:49,受注取込,7988459,7988459X14Y11,【速攻配達】ドッグウェア 犬 服 犬服 暖かい 冬 冬服 男の子 女の子 アディドッグ adidog DOG FACE ★REVG NEK 7988459 7988345 ペット服 小型犬 つなぎ パーカー お散歩 かっこいい かわいい サロペット ロンパース オーバーオール 裏起毛,L,adidog_ブラック,X14,Y11,,0,61,60,-1,
2025/01/17 20:30:49,受注取込,7988459,7988459X12Y11,【速攻配達】ドッグウェア 犬 服 犬服 暖かい 冬 冬服 男の子 女の子 アディドッグ adidog DOG FACE ★REVG NEK 7988459 7988345 ペット服 小型犬 つなぎ パーカー お散歩 かっこいい かわいい サロペット ロンパース オーバーオール 裏起毛,S,adidog_ブラック,X12,Y11,,0,32,31,-1,
2025/01/17 20:34:30,受注取込,7987098,7987098X11Y11,【お得な2個セット COOLにマナーを】携帯灰皿 吸い殻入れ 金属製 フタ付き 小型 軽量 NEK ★REVL 7987098 喫煙グッズ アッシュトレイ 持ち運び便利 男性 メンズ レディース アイコス イルマ テリア IQOS ILUMA TEREA 送料無料,ONESIZE,2個セット,X11,Y11,,0,50,49,-1,
2025/01/17 20:42:35,受注取込,7988124,7988124X11Y14,大きいサイズ キャップ 帽子 メンズ フルキャップ ベースボールキャップ コットンキャップ 野球帽 ワンポイント ★REV 7988124 イーグル 鷲 刺繍 ミリタリー BIGSIZE キングサイズ 送料無料,ONESIZE,メッシュブラック,X11,Y14,,0,22,21,-1,
2025/01/17 20:42:35,受注取込,7988124,7988124X11Y15,大きいサイズ キャップ 帽子 メンズ フルキャップ ベースボールキャップ コットンキャップ 野球帽 ワンポイント ★REV 7988124 イーグル 鷲 刺繍 ミリタリー BIGSIZE キングサイズ 送料無料,ONESIZE,メッシュネイビー,X11,Y15,,0,9,8,-1,
2025/01/17 20:42:35,受注取込,7988124,7988124X11Y16,大きいサイズ キャップ 帽子 メンズ フルキャップ ベースボールキャップ コットンキャップ 野球帽 ワンポイント ★REV 7988124 イーグル 鷲 刺繍 ミリタリー BIGSIZE キングサイズ 送料無料,ONESIZE,メッシュグレー,X11,Y16,,0,14,13,-1,
2025/01/17 20:42:35,受注取込,7988124,7988124X11Y17,大きいサイズ キャップ 帽子 メンズ フルキャップ ベースボールキャップ コットンキャップ 野球帽 ワンポイント ★REV 7988124 イーグル 鷲 刺繍 ミリタリー BIGSIZE キングサイズ 送料無料,ONESIZE,メッシュホワイト,X11,Y17,,0,5,4,-1,
2025/01/17 20:42:35,受注取込,7987662,7987662X11Y13,【大きくルーズにかぶれる】大きいサイズ ニット帽 ニットキャップ 帽子 メンズ レディース NEK ★REV 7987662 ワッチキャップ プレゼント ギフト 母の日 父の日 プレゼント 誕生日 クリスマス 秋冬 防寒 おしゃれ 無地 送料無料,ONESIZE,ブラック,X11,Y13,,0,546,545,-1,
2025/01/17 20:56:05,受注取込,7987345,7987345X11Y14,【とにかくデカい！】 大きいサイズ キャップ 送料無料 大きめ ビッグサイズ ★REV 7987345 BIG SIZE 帽子 ハット キャップ キャスケット メンズキャップ 大きいサイズ バケット 大きい帽子 メンズ メンズ帽子 大きい 頭 メッシュキャップ,AAA,4,X11,Y14,,0,13,12,-1,
2025/01/17 20:56:05,受注取込,7988039,7988039X13Y12,【最安値に挑戦】犬 服 暖かい 犬の服 ドッグウエア ボア ダウン ジャケット コート ドッグウエア NEK ★REVG 7988039 小型犬 中型犬 秋 秋服 冬 冬用 冬服 秋冬 おしゃれ かわいい 可愛い 着せやすい 女の子 男の子 オス メス 背開き アウター ベスト ハーネス 送料無料,L,オリーブ,X13,Y12,,0,16,15,-1,
2025/01/17 20:59:31,受注取込,7987213,7987213X11Y16,【イルマワン アイ対応】アイコス イルマワン ILUMA i ケース 保護ケース iqosイルマワン イルマワンカバー NEK ★REV 7987213 耐衝撃 おしゃれ iqos iluma one 専用 IQOSイルマワン保護ケース レザー ヒョウ柄 ペイズリー 保護カバー アクセサリー アイコスケース 送料無料,イルマワン,F,X11,Y16,,0,25,24,-1,
2025/01/17 21:00:19,受注取込,7987621,7987621X11Y18,【裏ボア】ニット帽　耳あて イヤーマフ 防寒 メンズ レディース ニットキャップ つば付き 帽子 ニット NEK ★REV 7987621 秋冬 クリスマス プレゼント ギフト 母の日 父の日 送料無料,ONESIZE,H_ブラック,X11,Y18,,0,64,63,-1,
2025/01/17 21:06:01,受注取込,7988120,7988120X11Y15,【とにかくデカい！】大きいサイズ キャップ 帽子 ビッグサイズ BIGサイズ 大きめ メンズ ウール ★REV 7988120 WOOL50％ メルトン プレゼント ギフト 送料無料,ONESIZE,ブラック×ゴールド,X11,Y15,,0,31,30,-1,
2025/01/17 21:06:01,受注取込,7988120,7988120X11Y12,【とにかくデカい！】大きいサイズ キャップ 帽子 ビッグサイズ BIGサイズ 大きめ メンズ ウール ★REV 7988120 WOOL50％ メルトン プレゼント ギフト 送料無料,ONESIZE,グレー,X11,Y12,,0,14,13,-1,
2025/01/17 21:18:06,受注取込,7987213,7987213X11Y19,【イルマワン アイ対応】アイコス イルマワン ILUMA i ケース 保護ケース iqosイルマワン イルマワンカバー NEK ★REV 7987213 耐衝撃 おしゃれ iqos iluma one 専用 IQOSイルマワン保護ケース レザー ヒョウ柄 ペイズリー 保護カバー アクセサリー アイコスケース 送料無料,イルマワン,I,X11,Y19,,0,5,4,-1,
2025/01/17 21:19:35,受注取込,7987213,7987213X11Y26,【イルマワン アイ対応】アイコス イルマワン ILUMA i ケース 保護ケース iqosイルマワン イルマワンカバー NEK ★REV 7987213 耐衝撃 おしゃれ iqos iluma one 専用 IQOSイルマワン保護ケース レザー ヒョウ柄 ペイズリー 保護カバー アクセサリー アイコスケース 送料無料,イルマワン,P,X11,Y26,,0,33,32,-1,
2025/01/17 21:37:35,受注取込,7988070,7988070X11Y19,【カシミヤタッチ！】マフラー レディース メンズ 大判 バイカラー NEK ★REV 7988070 リバーシブル 大きいマフラー あたたかい 無地 大判ストール 厚手マフラー ソフトタッチ カシミヤタッチ カシミアタッチ カジュアル 無地 暖かい 秋冬 小物 防寒 ショール 送料無料,ONESIZE,オリーブ,X11,Y19,,0,29,28,-1,
2025/01/17 21:40:56,受注取込,7987956,7987956X11Y15,イヤホン ワイヤレス スポーツ Bluetooth5.2 防水 サラウンド イヤホン マイク NEK ★REV 7987956 左右兼用 片耳 高音質 イヤホン iPhone android スマホ対応 ブルートゥース 高音質 ランニング 運動 耳掛け,ONESIZE,オリーブ,X11,Y15,,0,2,1,-1,
2025/01/17 21:42:05,受注取込,7987662,7987662X11Y14,【大きくルーズにかぶれる】大きいサイズ ニット帽 ニットキャップ 帽子 メンズ レディース NEK ★REV 7987662 ワッチキャップ プレゼント ギフト 母の日 父の日 プレゼント 誕生日 クリスマス 秋冬 防寒 おしゃれ 無地 送料無料,ONESIZE,グレー,X11,Y14,,0,209,208,-1,
2025/01/17 21:46:01,受注取込,7992442,7992442X11Y11,シルバー925 アンクレット レディース 送料無料 つけっぱなし お守り アンク ANKLET アクセサリー キラキラ シルバー NEK ALI 7992442 シルバー 190625,ONESIZE,シルバー,X11,Y11,,0,16,15,-1,
2025/01/17 21:46:01,受注取込,7987075,7987075X11Y12,アンクレット レディース メンズ つけっぱなし NEK ★REV 7987075 ゴールド シルバー アクセサリー プレゼント ギフト おしゃれ 送料無料,ONESIZE,B,X11,Y12,,0,33,32,-1,
2025/01/17 21:49:00,受注取込,7987559,7987559X11Y13,ミニ財布 ミニウォレット 短財布 メンズ レディース ウォレット NEK ★REV 7987559 プレゼント ギフト 父の日 母の日 プチギフト 誕プレ 送料無料,ONESIZE,ネイビー,X11,Y13,,0,31,30,-1,
2025/01/17 21:55:35,受注取込,7987662,7987662X11Y13,【大きくルーズにかぶれる】大きいサイズ ニット帽 ニットキャップ 帽子 メンズ レディース NEK ★REV 7987662 ワッチキャップ プレゼント ギフト 母の日 父の日 プレゼント 誕生日 クリスマス 秋冬 防寒 おしゃれ 無地 送料無料,ONESIZE,ブラック,X11,Y13,,0,545,544,-1,
2025/01/17 21:58:35,受注取込,7988029,7988029X12Y13,【裏ボアで暖か】パーカー ジャケット メンズ ★REV 7988029 着る毛布 杢カラー 裏ボア フリース セーター 送料無料,L,ブラウン,X12,Y13,,0,42,41,-1,
2025/01/17 22:07:05,受注取込,7987662,7987662X11Y13,【大きくルーズにかぶれる】大きいサイズ ニット帽 ニットキャップ 帽子 メンズ レディース NEK ★REV 7987662 ワッチキャップ プレゼント ギフト 母の日 父の日 プレゼント 誕生日 クリスマス 秋冬 防寒 おしゃれ 無地 送料無料,ONESIZE,ブラック,X11,Y13,,0,544,543,-1,
2025/01/17 22:16:29,受注取込,7988452,7988452X11Y13,【日本製 姫路レザー】日本製 ベルト メンズ 本革 本皮 ★REV SRI-07 3.9cm幅 一枚革 ヌメ革 姫路レザー ビジネス カジュアル 送料無料,ONESIZE,ブラウン,X11,Y13,,0,5,4,-1,
2025/01/17 22:20:42,受注取込,7998075,7998075X1Y1,他店圧倒価格♪最安値に挑戦！ 1点までメール便送料無料 ワッチキャップ ニット帽子 ニットキャップ 7998075 【MB】【ALI】■05161126【wow未販売】 sg追加200125 sg追加200125,ONESIZE,ブラック杢,X1,Y1,,0,215,214,-1,
2025/01/17 22:28:05,受注取込,7987277,7987277X12Y13,【L字で使いやすい】爆速 PD60w対応 スマホ ケーブル C-TO-C Type-C to C NEK ★REV 7987277 TYPE-C 長さ25cm〜3m iPhone 3A SPEED 急速 充電器 iPhone15 ipad ipad mini IQOS アイコス イルマ イルマワン プライム 送料無料,1.0M,ネイビー,X12,Y13,,0,7,6,-1,
2025/01/17 22:29:35,受注取込,7992723,7992723X13Y11,お得！ 送料無料 4枚入り 福袋 Dickies ディッキーズ ボクサーパンツ メンズ かわいい NEK ★REV <br> パンツ ボクサーパンツ セット メンズ下着 メンズボクサーパンツ メンズボクサー 大きいサイズ 大きめ 特大 3L 下着 インナー メンズ usa まとめ買い プレゼント ギフト,LL,福袋4枚セット,X13,Y11,,0,158,157,-1,
2025/01/17 22:37:05,受注取込,7987621,7987621X11Y13,【裏ボア】ニット帽　耳あて イヤーマフ 防寒 メンズ レディース ニットキャップ つば付き 帽子 ニット NEK ★REV 7987621 秋冬 クリスマス プレゼント ギフト 母の日 父の日 送料無料,ONESIZE,C_カーキ,X11,Y13,,0,12,11,-1,
2025/01/17 22:38:36,受注取込,7988459,7988459X13Y18,【速攻配達】ドッグウェア 犬 服 犬服 暖かい 冬 冬服 男の子 女の子 アディドッグ adidog DOG FACE ★REVG NEK 7988459 7988345 ペット服 小型犬 つなぎ パーカー お散歩 かっこいい かわいい サロペット ロンパース オーバーオール 裏起毛,M,DOGFACE_ブラック,X13,Y18,,0,43,42,-1,
2025/01/17 22:43:01,受注取込,7987642,7987642X11Y11,【送料無料】ミニ財布 メンズ 本革 レディース 二つ折り 財布 カードケース LTG カード入れ 多い NEK ★REV 7987642 折りたたみ コンパクト 小さい財布 小銭入れ コインスルー お札が折れない スキミング防止 ファスナー コインケース ミニマリスト ラウンドジッパー,ONESIZE,ブラック,X11,Y11,,0,49,48,-1,
2025/01/17 22:50:33,受注取込,7987311,7987311X11Y13,【ほどよいワイド感】カーゴパンツ ワークパンツ ★REV 7987311 ミリタリーパンツ メンズ レディース 送料無料,M,オリーブ,X11,Y13,,0,2,1,-1,
2025/01/17 22:50:37,受注取込,7987560,7987560X11Y11,【機能的】長財布 財布 メンズ レディース ウォレット スマホケース クラッチバッグ NEK ★REV 7987560 プレゼント ギフト 母の日 父の日 プチギフト 誕プレ 送料無料,ワンサイズ,ブラック,X11,Y11,,0,12,11,-1,
2025/01/17 22:53:01,受注取込,7987743,7987743X11Y14,【仕切り上手】ミニトート バッグ レディース メンズ トートバッグ トート ミニ 仕切り NEK ★REV 7987743 ポケット キャンバス ランチバッグ マザーズバッグ 収納 かわいい シンプル おしゃれ 便利 無地 通勤 通学 ユニセックス ジッパー付き 防犯 紛失 対策 送料無料,ONESIZE,ブラック,X11,Y14,,0,7,6,-1,
2025/01/17 23:11:35,受注取込,7987213,7987213X11Y46,【イルマワン アイ対応】アイコス イルマワン ILUMA i ケース 保護ケース iqosイルマワン イルマワンカバー NEK ★REV 7987213 耐衝撃 おしゃれ iqos iluma one 専用 IQOSイルマワン保護ケース レザー ヒョウ柄 ペイズリー 保護カバー アクセサリー アイコスケース 送料無料,イルマワン,JJ,X11,Y46,,0,13,12,-1,
2025/01/17 23:19:05,受注取込,7990744,7990744X11Y16,在庫あり マスク カラーマスク 大きいサイズあり 洗える 手洗い 繰り返し使える NEK 7990744 ブラック 大人用 マスク 黒マスク ブラックマスク 花粉 pm2.5 クロ B系 ストリート ファッション コスプレ ストレッチ 12色展開 ALI  プレゼント ギフト,普通サイズ,杢チャコール,X11,Y16,,0,193,192,-1,
2025/01/17 23:20:05,受注取込,7990305,7990305X11Y14,【速攻配達】マスク 送料無料 ボア イヤーマフ 防寒 冬 耳あて メンズ レディース 洗えるマスク 4色展開 ★REV NEK 7990305 プレゼント ギフト,ONESIZE,グレー,X11,Y14,,0,519,518,-1,
2025/01/17 23:25:05,受注取込,7988070,7988070X11Y11,【カシミヤタッチ！】マフラー レディース メンズ 大判 バイカラー NEK ★REV 7988070 リバーシブル 大きいマフラー あたたかい 無地 大判ストール 厚手マフラー ソフトタッチ カシミヤタッチ カシミアタッチ カジュアル 無地 暖かい 秋冬 小物 防寒 ショール 送料無料,ONESIZE,ベージュ,X11,Y11,,0,39,38,-1,
2025/01/17 23:32:35,受注取込,7998075,7998075X1Y3,他店圧倒価格♪最安値に挑戦！ 1点までメール便送料無料 ワッチキャップ ニット帽子 ニットキャップ 7998075 【MB】【ALI】■05161126【wow未販売】 sg追加200125 sg追加200125,ONESIZE,ブラウン杢,X1,Y3,,0,33,32,-1,
2025/01/17 23:36:05,受注取込,7987140,7987140X11Y18,【COOLにマナーを】携帯灰皿 カラビナ付き 吸い殻入れ 金属製 フタ付き 小型 軽量 NEK ★REVL 7987140 喫煙グッズ アッシュトレイ 持ち運び便利 男性 メンズ レディース 送料無料,ONESIZE,H.シルバーペイズリー,X11,Y18,,0,87,86,-1,
2025/01/17 23:47:31,受注取込,7988408,7988408X11Y23,【速攻配達 送料無料】キャスケット ハンチング 帽子 メンズ レディース キャップ 父の日 母の日 クリスマス プレゼント ギフト プチギフト あしたのジョー 送料無料 7988408 プレゼント ギフト,ONESIZE,【M】7988433_ブラウン,X11,Y23,,0,18,17,-1,
2025/01/17 23:50:48,受注取込,7987145,7987145X11Y11,電動爪切り 爪切り コードレス 研磨機 電動ツメ削り 爪ヤスリ ★REV 7987145 つめ切り後 なめらかに Type-c 充電式 タングステン鋼 自動爪切り ネイルケア 安心 日用品 美容 健康 大人 子供 介護用品 送料無料,ONESIZE,ホワイト,X11,Y11,,0,8,7,-1,
2025/01/17 23:57:05,受注取込,7990744,7990744X14Y20,在庫あり マスク カラーマスク 大きいサイズあり 洗える 手洗い 繰り返し使える NEK 7990744 ブラック 大人用 マスク 黒マスク ブラックマスク 花粉 pm2.5 クロ B系 ストリート ファッション コスプレ ストレッチ 12色展開 ALI  プレゼント ギフト,特大サイズ(XL),ネイビー,X14,Y20,,0,153,152,-1,
2025/01/17 23:58:35,受注取込,7988059,7988059X11Y12,【なんと羽毛リアルダウン仕様】THE DOG FACE ダウンベスト ドッグウェア 犬 服 暖かい 冬 冬服 NEK ★REVG 7988059 ダウンジャケット アウター ドッグフェイス 男の子 女の子 プレゼント ギフト インスタ映え 送料無料,S,ブラック/レッド,X11,Y12,,0,27,26,-1,
